date,temperature_max_c,temperature_min_c,humidity_percent,wind_speed_kmh,precipitation_mm,cloud_cover_okta,weather_condition
2025-01-01,26.4,21.0,58,19.3,0.0,3,partly cloudy
2025-01-02,25.9,20.0,56,19.0,0.0,1,sunny
2025-01-03,27.6,19.0,52,15.9,0.0,1,sunny
2025-01-04,25.5,17.0,61,14.2,0.0,4,partly cloudy
2025-01-05,25.0,19.8,64,19.6,0.0,1,sunny
2025-01-06,24.6,19.0,68,17.0,0.0,0,sunny
2025-01-07,25.9,18.9,63,14.9,0.0,0,sunny
2025-01-08,27.5,18.0,70,14.5,0.0,0,sunny
2025-01-09,26.5,19.0,70,14.2,0.0,0,sunny
2025-01-10,35.3,19.0,68,12.8,0.0,0,sunny
2025-01-11,29.9,20.4,54,15.0,0.0,0,sunny
2025-01-12,28.6,19.0,61,12.4,0.0,0,sunny
2025-01-13,25.5,18.5,78,13.3,0.0,1,sunny
2025-01-14,25.9,18.7,76,15.8,0.0,2,mostly sunny
2025-01-15,25.4,18.6,78,15.3,0.0,3,partly cloudy
2025-01-16,28.0,19.0,63,15.0,0.0,3,partly cloudy
2025-01-17,24.8,18.8,59,17.8,0.0,4,partly cloudy
2025-01-18,23.5,18.0,56,21.6,0.0,6,mostly cloudy
2025-01-19,24.6,18.6,61,17.7,0.0,5,mostly cloudy
2025-01-20,24.0,17.0,71,16.2,0.0,3,partly cloudy
2025-01-21,25.6,17.0,76,13.0,0.0,1,sunny
2025-01-22,23.0,18.0,83,13.3,0.0,2,mostly sunny
2025-01-23,23.4,18.9,81,21.0,0.0,3,partly cloudy
2025-01-24,23.7,18.8,81,19.1,0.0,3,partly cloudy
2025-01-25,24.2,18.5,78,17.8,0.0,3,partly cloudy
2025-01-26,24.0,18.7,78,18.5,0.0,0,sunny
2025-01-27,24.6,18.0,78,17.5,0.0,0,sunny
2025-01-28,29.1,18.0,64,16.0,0.0,0,sunny
2025-01-29,25.9,20.0,58,18.8,0.0,0,sunny
2025-01-30,26.0,18.0,62,18.8,0.0,0,sunny
2025-01-31,25.2,18.3,63,20.7,0.0,0,sunny
2025-02-01,24.0,17.6,67,20.4,0.0,0,sunny
2025-02-02,24.3,17.0,57,19.4,0.0,0,sunny
2025-02-03,23.4,16.8,56,19.6,0.0,1,sunny
2025-02-04,22.4,15.8,72,17.8,0.0,4,partly cloudy
2025-02-05,24.2,16.0,69,16.3,0.0,3,partly cloudy
2025-02-06,26.0,15.7,62,16.6,0.0,0,sunny
2025-02-07,24.3,16.3,61,18.1,0.0,0,sunny
2025-02-08,25.3,16.2,62,18.8,0.0,1,sunny
2025-02-09,24.5,17.5,65,17.6,0.0,2,mostly sunny
2025-02-10,24.9,17.5,78,15.2,0.0,2,mostly sunny
2025-02-11,23.0,17.5,82,16.1,0.0,2,mostly sunny
2025-02-12,22.9,18.0,85,16.6,0.0,5,mostly cloudy
2025-02-13,22.7,18.0,88,13.7,0.0,4,partly cloudy
2025-02-14,22.5,17.9,85,11.8,0.0,3,partly cloudy
2025-02-15,24.0,18.4,84,14.4,0.0,5,mostly cloudy
2025-02-16,23.3,17.7,87,19.3,0.0,5,mostly cloudy
2025-02-17,23.3,17.9,85,17.1,0.0,3,partly cloudy
2025-02-18,23.0,17.6,84,20.0,0.0,2,mostly sunny
2025-02-19,23.0,17.4,82,18.8,0.0,2,mostly sunny
2025-02-20,25.0,17.5,75,17.9,0.0,2,mostly sunny
2025-02-21,23.4,17.7,80,17.6,0.0,0,sunny
2025-02-22,29.0,17.6,60,17.7,0.0,0,sunny
2025-02-23,28.7,17.6,59,20.0,0.0,0,sunny
2025-02-24,26.2,18.8,59,19.4,0.0,0,sunny
2025-02-25,26.1,18.5,57,17.6,0.0,0,sunny
2025-02-26,26.4,18.0,51,19.1,0.0,0,sunny
2025-02-27,29.2,17.6,58,13.8,0.0,0,sunny
2025-02-28,24.0,18.3,76,14.6,0.0,3,partly cloudy
2025-03-01,23.9,19.5,82,15.2,0.0,6,mostly cloudy
2025-03-02,23.7,19.9,80,19.0,0.3,7,light rain
2025-03-03,23.7,19.0,76,18.2,0.0,7,cloudy
2025-03-04,22.6,18.8,80,20.5,0.0,6,mostly cloudy
2025-03-05,23.9,18.6,77,18.3,0.0,3,partly cloudy
2025-03-06,22.8,18.8,72,23.1,0.0,5,mostly cloudy
2025-03-07,23.2,18.0,80,19.1,0.0,2,mostly sunny
2025-03-08,23.5,18.0,77,20.9,0.0,2,mostly sunny
2025-03-09,23.4,18.0,77,18.5,0.0,3,partly cloudy
2025-03-10,23.0,18.0,81,20.6,0.0,2,mostly sunny
2025-03-11,23.8,18.0,81,20.7,0.0,1,sunny
2025-03-12,24.1,18.8,80,21.0,0.0,1,sunny
2025-03-13,23.8,18.5,81,20.9,0.0,1,sunny
2025-03-14,24.3,18.7,81,19.6,,2,mostly sunny
2025-03-15,24.2,18.7,80,20.7,0.0,1,sunny
2025-03-16,24.9,19.6,77,20.2,0.0,1,sunny
2025-03-17,25.5,19.0,75,18.3,,0,sunny
2025-03-18,25.7,19.6,76,19.8,0.0,1,sunny
2025-03-19,24.0,19.0,79,17.9,0.0,1,sunny
2025-03-20,23.8,18.8,81,21.8,0.0,1,sunny
2025-03-21,23.7,18.4,83,21.3,0.0,2,mostly sunny
2025-03-22,24.2,19.0,84,20.7,0.0,2,mostly sunny
2025-03-23,25.1,19.5,76,19.4,0.0,1,sunny
2025-03-24,24.5,19.0,74,18.7,0.0,0,sunny
2025-03-25,23.5,19.0,76,18.2,0.0,0,sunny
2025-03-26,24.4,18.9,79,19.7,0.0,0,sunny
2025-03-27,23.6,18.0,81,19.2,0.0,3,partly cloudy
2025-03-28,23.6,18.3,82,19.2,0.0,5,mostly cloudy
2025-03-29,23.0,18.5,82,19.4,0.0,6,mostly cloudy
2025-03-30,23.6,18.6,79,21.9,0.0,5,mostly cloudy
2025-03-31,24.1,18.4,80,22.5,0.0,3,partly cloudy
2025-04-01,23.7,18.6,80,23.1,0.0,2,mostly sunny
2025-04-02,23.4,18.0,83,21.0,0.0,1,sunny
2025-04-03,23.3,18.0,81,20.2,0.0,1,sunny
2025-04-04,23.3,18.0,81,19.7,0.0,2,mostly sunny
2025-04-05,24.4,18.8,81,17.7,0.0,2,mostly sunny
2025-04-06,25.1,19.0,74,22.3,0.0,1,sunny
2025-04-07,25.0,18.9,79,17.9,0.0,1,sunny
2025-04-08,26.1,17.0,75,16.3,0.0,1,sunny
2025-04-09,24.0,20.0,78,19.7,0.0,1,sunny
2025-04-10,24.0,18.6,87,16.5,0.0,3,partly cloudy
2025-04-11,24.4,19.0,84,18.2,0.0,5,mostly cloudy
2025-04-12,24.5,19.8,82,20.6,0.0,5,mostly cloudy
2025-04-13,24.8,19.6,81,19.4,0.0,3,partly cloudy
2025-04-14,25.0,19.3,84,19.4,0.0,3,partly cloudy
2025-04-15,25.4,19.8,83,18.0,0.0,4,partly cloudy
2025-04-16,26.5,20.4,78,16.2,0.0,2,mostly sunny
2025-04-17,25.8,20.6,79,16.5,0.0,1,sunny
2025-04-18,25.4,20.0,82,16.0,0.0,2,mostly sunny
2025-04-19,26.9,20.7,82,18.6,0.0,3,partly cloudy
2025-04-20,27.7,20.9,80,18.0,0.0,3,partly cloudy
2025-04-21,27.9,21.5,69,23.2,0.0,3,partly cloudy
2025-04-22,26.5,20.9,78,17.2,0.0,2,mostly sunny
2025-04-23,26.6,20.5,80,19.2,0.0,1,sunny
2025-04-24,26.5,20.7,78,18.4,0.0,1,sunny
2025-04-25,27.0,21.0,78,15.1,0.0,3,partly cloudy
2025-04-26,26.0,20.6,82,11.5,0.0,5,mostly cloudy
2025-04-27,26.4,21.0,82,10.6,0.0,6,mostly cloudy
2025-04-28,26.0,21.0,86,10.7,0.0,6,mostly cloudy
2025-04-29,25.3,20.7,85,15.4,0.0,6,mostly cloudy
2025-04-30,25.2,20.2,83,16.2,0.0,4,partly cloudy
2025-05-01,25.4,21.0,83,12.2,0.0,3,partly cloudy
2025-05-02,26.0,20.8,83,13.8,0.0,4,partly cloudy
2025-05-03,26.7,21.0,82,14.8,0.0,5,mostly cloudy
2025-05-04,28.7,22.0,74,18.1,0.0,4,partly cloudy
2025-05-05,27.2,22.4,73,15.3,0.0,2,mostly sunny
2025-05-06,29.3,22.4,68,18.5,0.0,2,mostly sunny
2025-05-07,26.6,22.6,78,17.8,0.0,5,mostly cloudy
2025-05-08,27.1,21.7,79,21.9,0.0,2,mostly sunny
2025-05-09,26.5,21.1,80,16.4,0.0,1,sunny
2025-05-10,26.5,21.8,77,20.1,0.0,2,mostly sunny
2025-05-11,26.6,21.8,77,22.6,0.0,2,mostly sunny
2025-05-12,25.0,21.0,80,20.1,0.0,1,sunny
2025-05-13,25.6,21.0,80,16.5,0.0,2,mostly sunny
2025-05-14,26.0,21.0,80,17.1,0.0,4,partly cloudy
2025-05-15,26.0,21.0,78,17.6,0.0,1,sunny
2025-05-16,26.0,21.0,78,14.3,0.0,1,sunny
2025-05-17,25.2,20.0,82,17.4,0.0,3,partly cloudy
2025-05-18,24.8,20.0,82,17.4,0.0,4,partly cloudy
2025-05-19,25.4,20.0,86,16.0,0.0,4,partly cloudy
2025-05-20,25.6,20.8,86,14.5,0.0,3,partly cloudy
2025-05-21,26.0,21.0,85,12.8,0.0,3,partly cloudy
2025-05-22,28.0,22.2,78,11.1,0.0,3,partly cloudy
2025-05-23,29.8,23.0,84,14.8,0.0,5,mostly cloudy
2025-05-24,29.1,23.5,84,9.1,0.0,5,mostly cloudy
2025-05-25,26.8,23.0,84,14.7,0.0,4,partly cloudy
2025-05-26,28.0,22.7,82,17.3,0.0,2,mostly sunny
2025-05-27,28.6,23.4,70,10.6,0.0,0,sunny
2025-05-28,29.3,24.0,80,11.5,0.0,0,sunny
2025-05-29,27.8,23.5,79,12.4,0.0,3,partly cloudy
2025-05-30,27.7,23.0,82,14.5,0.0,3,partly cloudy
2025-05-31,29.5,22.0,83,9.3,0.0,2,mostly sunny
2025-06-01,29.0,23.5,81,13.2,0.0,4,partly cloudy
2025-06-02,28.3,23.6,86,12.7,0.0,4,partly cloudy
2025-06-03,28.8,24.0,81,13.8,0.0,3,partly cloudy
2025-06-04,28.2,24.0,77,11.6,0.0,0,sunny
2025-06-05,29.8,24.9,80,14.1,0.0,2,mostly sunny
2025-06-06,28.7,24.6,80,12.0,0.0,2,mostly sunny
2025-06-07,29.6,24.0,76,16.9,0.0,1,sunny
2025-06-08,28.5,24.0,78,17.0,0.0,2,mostly sunny
2025-06-09,28.9,24.0,80,18.6,0.0,4,partly cloudy
2025-06-10,28.3,23.6,77,15.1,0.0,3,partly cloudy
2025-06-11,28.8,23.9,80,12.7,0.0,4,partly cloudy
2025-06-12,30.2,23.8,80,9.2,0.0,4,partly cloudy
2025-06-13,30.3,24.6,81,9.0,0.0,4,partly cloudy
2025-06-14,31.1,26.0,76,12.7,0.0,4,partly cloudy
2025-06-15,28.5,24.6,78,16.2,0.0,4,partly cloudy
2025-06-16,28.9,24.0,79,10.8,0.0,4,partly cloudy
2025-06-17,30.5,24.7,76,10.9,0.0,4,partly cloudy
2025-06-18,29.5,25.0,77,15.6,0.0,5,mostly cloudy
2025-06-19,29.0,24.5,78,16.6,0.0,4,partly cloudy
2025-06-20,29.3,24.0,74,12.5,0.0,6,mostly cloudy
2025-06-21,29.0,24.4,73,12.6,0.0,6,mostly cloudy
2025-06-22,30.4,24.9,74,11.8,0.0,4,partly cloudy
2025-06-23,30.0,25.5,77,10.6,0.0,5,mostly cloudy
2025-06-24,29.3,25.7,78,16.2,0.0,5,mostly cloudy
2025-06-25,29.6,25.0,76,10.7,0.0,5,mostly cloudy
2025-06-26,30.5,25.0,76,14.4,0.0,5,mostly cloudy
2025-06-27,29.7,24.9,74,11.4,0.0,4,partly cloudy
2025-06-28,30.3,25.0,77,8.4,0.0,5,mostly cloudy
2025-06-29,30.6,26.5,79,14.0,2.5,5,light rain
2025-06-30,28.8,25.0,74,13.8,0.0,6,mostly cloudy
2025-07-01,28.8,25.0,73,18.0,0.0,4,partly cloudy
2025-07-02,28.8,24.9,71,14.6,0.0,4,partly cloudy
2025-07-03,30.1,24.7,67,11.3,0.0,4,partly cloudy
2025-07-04,30.1,24.0,76,11.2,0.0,5,mostly cloudy
2025-07-05,29.9,24.2,79,13.3,11.4,4,rainy
2025-07-06,30.5,26.0,78,11.0,0.0,4,partly cloudy
2025-07-07,30.6,27.0,80,12.1,0.0,5,mostly cloudy
2025-07-08,30.4,26.6,76,11.9,0.0,5,mostly cloudy
2025-07-09,29.5,26.0,72,14.1,0.0,5,mostly cloudy
2025-07-10,29.7,25.5,75,14.3,0.0,6,mostly cloudy
2025-07-11,32.6,25.8,76,14.2,0.0,4,partly cloudy
2025-07-12,30.9,26.0,82,15.3,1.0,6,light rain
2025-07-13,29.9,26.0,72,12.8,0.0,6,mostly cloudy
2025-07-14,30.0,26.0,74,10.1,0.0,5,mostly cloudy
2025-07-15,30.4,26.0,73,12.1,0.0,5,mostly cloudy
2025-07-16,30.8,25.3,82,9.5,4.1,5,light rain
2025-07-17,32.0,25.9,78,14.5,0.3,5,light rain
2025-07-18,31.2,26.7,79,11.8,0.0,4,partly cloudy
2025-07-19,31.7,27.5,75,13.3,0.0,5,mostly cloudy
2025-07-20,31.6,27.6,78,12.1,0.0,5,mostly cloudy
2025-07-21,30.5,27.0,73,12.8,0.0,5,mostly cloudy
2025-07-22,30.6,26.0,76,11.6,0.0,3,partly cloudy
2025-07-23,31.7,27.9,74,13.3,0.0,5,mostly cloudy
2025-07-24,30.2,26.7,70,18.1,0.0,6,mostly cloudy
2025-07-25,30.1,26.0,67,12.7,0.0,5,mostly cloudy
2025-07-26,30.6,25.5,66,8.4,0.0,4,partly cloudy
2025-07-27,30.4,25.8,71,10.0,0.0,4,partly cloudy
2025-07-28,31.0,24.0,76,10.4,0.0,4,partly cloudy
2025-07-29,33.0,27.0,72,12.3,0.0,4,partly cloudy
2025-07-30,32.0,27.5,78,14.1,0.0,4,partly cloudy
2025-07-31,31.0,27.0,71,12.5,0.0,4,partly cloudy
2025-08-01,32.0,26.9,70,9.0,0.0,4,partly cloudy
2025-08-02,31.1,27.0,75,12.8,0.0,5,mostly cloudy
2025-08-03,31.2,27.0,76,11.0,0.0,6,mostly cloudy
2025-08-04,30.8,26.9,80,12.8,0.0,5,mostly cloudy
2025-08-05,31.3,27.0,76,9.7,0.0,5,mostly cloudy
2025-08-06,32.5,26.7,77,8.4,0.0,4,partly cloudy
2025-08-07,31.8,28.0,76,12.7,0.0,4,partly cloudy
2025-08-08,32.0,27.8,76,13.7,0.0,5,mostly cloudy
2025-08-09,33.7,24.1,77,8.4,3.0,6,light rain
2025-08-10,31.0,25.8,82,26.8,9.7,6,rainy
2025-08-11,31.6,26.0,81,16.5,2.8,6,light rain
2025-08-12,31.7,26.1,79,16.0,8.4,4,rainy
2025-08-13,30.9,27.0,80,9.8,0.0,5,mostly cloudy
2025-08-14,28.2,24.0,82,9.7,0.0,5,mostly cloudy
2025-08-15,28.0,25.0,91,6.1,14.2,6,rainy
2025-08-16,30.5,25.0,86,10.0,82.0,5,rainy
2025-08-17,30.7,25.6,86,16.7,99.3,5,rainy
2025-08-18,30.6,25.0,82,11.9,2.8,5,light rain
2025-08-19,31.1,25.7,83,8.2,3.0,6,light rain
2025-08-20,31.1,25.5,82,13.9,0.0,5,mostly cloudy
2025-08-21,30.6,23.0,84,11.6,20.3,6,rainy
2025-08-22,30.0,23.9,86,11.1,21.1,6,rainy
2025-08-23,30.3,23.9,82,11.5,4.1,5,light rain
2025-08-24,30.4,23.9,83,9.7,0.5,5,light rain
2025-08-25,30.2,27.8,82,11.2,0.0,5,mostly cloudy
2025-08-26,30.0,27.5,80,8.7,0.0,5,mostly cloudy
2025-08-27,31.0,28.0,75,10.9,0.4,5,light rain
2025-08-28,29.0,26.0,80,6.5,1.9,7,light rain
2025-08-29,31.0,26.6,78,9.5,1.6,6,light rain
2025-08-30,31.0,26.0,82,9.7,1.6,4,light rain
2025-08-31,31.0,28.0,80,12.5,0.0,5,mostly cloudy
2025-09-01,32.0,23.0,81,11.5,0.3,6,light rain
2025-09-02,30.0,25.0,83,8.4,1.2,6,light rain
2025-09-03,30.0,27.0,79,11.0,0.0,6,mostly cloudy
2025-09-04,30.0,27.0,78,9.3,0.0,5,mostly cloudy
2025-09-05,30.0,27.6,78,13.4,0.7,6,light rain
2025-09-06,31.0,28.0,74,10.7,0.4,6,light rain
2025-09-07,29.0,27.0,82,7.8,3.2,7,light rain
2025-09-08,30.0,26.6,84,10.1,1.8,7,light rain
2025-09-09,29.0,25.0,90,7.2,4.9,7,light rain
2025-09-10,30.0,25.0,87,8.4,0.5,5,light rain
2025-09-11,31.0,24.0,86,8.4,13.5,5,rainy
2025-09-12,30.0,25.0,89,5.0,20.6,5,rainy
2025-09-13,31.0,26.0,87,9.0,0.0,4,partly cloudy
2025-09-14,31.0,27.0,81,8.0,0.2,4,light rain
2025-09-15,32.0,24.0,81,11.1,0.0,4,partly cloudy
2025-09-16,31.0,25.0,83,13.0,8.6,5,rainy
2025-09-17,31.0,26.0,81,9.8,0.1,4,light rain
2025-09-18,31.0,25.0,79,10.3,0.4,5,light rain
2025-09-19,31.0,25.0,83,11.6,4.2,3,light rain
2025-09-20,32.0,27.0,78,9.8,0.0,3,partly cloudy
2025-09-21,32.0,28.0,77,10.0,0.0,4,partly cloudy
2025-09-22,31.0,28.0,79,12.4,0.0,5,mostly cloudy
2025-09-23,31.0,27.2,78,11.6,0.5,5,light rain
2025-09-24,30.0,25.0,84,6.9,0.0,4,partly cloudy
2025-09-25,31.0,24.0,83,7.7,1.7,4,light rain
2025-09-26,31.0,26.6,82,11.6,0.0,5,mostly cloudy
2025-09-27,31.0,27.0,82,13.0,0.0,4,partly cloudy
2025-09-28,32.0,28.0,80,9.4,0.0,4,partly cloudy
2025-09-29,31.0,26.0,82,7.8,0.4,4,light rain
2025-09-30,31.0,27.0,81,8.5,1.8,5,light rain
2025-10-01,31.0,27.0,83,6.0,0.1,5,light rain
2025-10-02,31.0,27.0,85,9.3,4.7,5,light rain
2025-10-03,32.0,26.0,81,11.0,0.0,6,mostly cloudy
2025-10-04,32.0,28.0,80,9.4,0.0,4,partly cloudy
2025-10-05,33.0,28.0,81,10.9,0.0,5,mostly cloudy
2025-10-06,32.0,28.0,76,12.2,0.0,4,partly cloudy
2025-10-07,32.0,25.0,80,7.1,0.0,3,partly cloudy
2025-10-08,32.0,25.0,82,3.8,1.2,4,light rain
2025-10-09,32.0,25.0,81,6.5,18.5,4,rainy
2025-10-10,32.0,28.1,77,8.3,0.0,4,partly cloudy
2025-10-11,32.0,28.0,81,10.9,0.0,4,partly cloudy
2025-10-12,31.0,24.0,78,13.3,0.0,5,mostly cloudy
2025-10-13,32.0,28.0,78,11.0,0.0,3,partly cloudy
2025-10-14,32.0,26.0,79,7.5,0.6,5,light rain
2025-10-15,32.0,27.0,77,12.1,0.0,4,partly cloudy
2025-10-16,32.0,28.0,72,17.8,0.0,3,partly cloudy
2025-10-17,32.0,28.0,72,16.7,0.0,3,partly cloudy
2025-10-18,31.0,27.0,75,12.7,0.0,3,partly cloudy
2025-10-19,31.0,27.0,77,11.5,0.1,4,light rain
2025-10-20,31.0,26.0,75,12.4,0.0,3,partly cloudy
2025-10-21,33.0,28.0,73,13.0,0.0,4,partly cloudy
2025-10-22,31.0,28.0,79,11.7,0.0,3,partly cloudy
2025-10-23,32.0,28.0,80,9.1,0.0,4,partly cloudy
2025-10-24,32.0,28.0,82,8.8,0.0,4,partly cloudy
2025-10-25,32.0,27.0,84,10.0,0.0,4,partly cloudy
2025-10-26,32.0,28.0,80,8.9,0.0,3,partly cloudy
2025-10-27,33.0,28.0,81,9.8,0.0,3,partly cloudy
2025-10-28,32.0,26.0,84,9.2,0.0,1,sunny
2025-10-29,32.0,28.0,83,8.6,0.0,3,partly cloudy
2025-10-30,32.0,26.0,82,8.2,0.0,4,partly cloudy
2025-10-31,31.0,27.0,82,9.8,0.0,4,partly cloudy
2025-11-01,31.0,27.0,82,10.0,0.0,3,partly cloudy
2025-11-02,31.5,28.0,81,8.7,0.0,3,partly cloudy
2025-11-03,34.0,28.0,80,8.8,0.0,3,partly cloudy
2025-11-04,33.0,27.0,79,9.0,0.0,2,mostly sunny
2025-11-05,32.0,27.0,78,8.8,0.0,2,mostly sunny
2025-11-06,32.0,25.0,76,10.6,0.0,2,mostly sunny
2025-11-07,32.0,27.0,77,9.0,0.0,3,partly cloudy
2025-11-08,31.0,28.0,79,8.3,0.0,4,partly cloudy
2025-11-09,30.0,27.9,75,13.6,0.0,4,partly cloudy
2025-11-10,31.0,28.0,70,11.3,1.0,6,light rain
2025-11-11,29.0,26.0,71,9.9,2.5,6,light rain
2025-11-12,30.0,27.0,72,11.6,0.0,3,partly cloudy
2025-11-13,30.0,27.0,75,14.5,0.0,4,partly cloudy
2025-11-14,31.0,27.0,78,18.8,0.0,2,mostly sunny
2025-11-15,31.0,27.0,75,19.2,0.0,1,sunny
2025-11-16,31.0,27.0,73,18.1,0.0,4,partly cloudy
2025-11-17,32.0,26.0,71,11.4,0.0,3,partly cloudy
2025-11-18,31.0,24.0,71,9.4,0.0,4,partly cloudy
2025-11-19,30.0,24.0,74,12.5,0.0,4,partly cloudy
2025-11-20,31.0,27.0,67,18.0,0.0,4,partly cloudy
2025-11-21,29.0,26.0,70,15.5,0.0,6,mostly cloudy
2025-11-22,29.0,26.5,61,16.3,0.0,8,cloudy
2025-11-23,28.0,26.0,70,17.7,0.0,7,cloudy
2025-11-24,31.0,26.0,54,22.8,0.0,8,cloudy
2025-11-25,33.0,25.0,50,21.8,0.0,8,cloudy
2025-11-26,27.0,25.0,53,16.6,0.0,8,cloudy
2025-11-27,29.0,25.0,59,13.4,0.0,5,mostly cloudy
2025-11-28,28.0,25.0,64,18.7,0.0,5,mostly cloudy
2025-11-29,28.0,25.0,69,15.9,0.0,6,mostly cloudy
2025-11-30,28.0,24.0,75,13.5,0.0,6,mostly cloudy
2025-12-01,31.0,25.0,61,12.9,0.0,6,mostly cloudy
2025-12-02,27.0,25.0,52,22.5,0.0,8,cloudy
2025-12-03,25.0,22.0,71,24.9,3.8,8,light rain
2025-12-04,25.0,22.0,72,21.2,0.0,7,cloudy
2025-12-05,27.0,22.0,67,17.6,0.0,7,cloudy
2025-12-06,23.0,21.0,70,18.5,2.4,8,light rain
2025-12-07,25.0,21.0,73,19.3,0.0,8,cloudy
2025-12-08,26.0,21.0,80,21.4,0.0,6,mostly cloudy
2025-12-09,26.0,22.0,72,18.8,0.0,5,mostly cloudy
2025-12-10,26.0,23.0,62,20.7,0.0,6,mostly cloudy
2025-12-11,26.0,22.0,60,21.5,0.0,5,mostly cloudy
2025-12-12,26.0,22.0,64,20.5,0.0,4,partly cloudy
2025-12-13,25.0,21.0,62,25.8,0.0,4,partly cloudy
2025-12-14,23.0,20.0,69,26.3,0.0,2,mostly sunny
2025-12-15,24.0,18.0,70,19.4,0.0,1,sunny
2025-12-16,25.0,19.0,60,23.2,0.0,2,mostly sunny
2025-12-17,24.0,19.0,62,21.5,0.0,3,partly cloudy
2025-12-18,23.0,19.0,67,21.8,0.0,6,mostly cloudy
2025-12-19,23.0,18.0,66,15.9,0.0,6,mostly cloudy
2025-12-20,23.0,18.0,66,13.5,0.0,2,mostly sunny
2025-12-21,23.0,18.0,66,9.2,0.0,3,partly cloudy
2025-12-22,24.0,19.0,71,12.7,0.0,4,partly cloudy
2025-12-23,23.0,19.0,69,19.3,0.0,5,mostly cloudy
2025-12-24,23.0,19.0,70,20.1,0.0,7,cloudy
2025-12-25,22.0,19.0,76,18.7,0.0,7,cloudy
2025-12-26,23.0,19.0,73,19.6,0.0,1,sunny
2025-12-27,23.0,18.0,78,16.6,0.0,1,sunny
2025-12-28,23.0,18.0,72,17.0,0.0,0,sunny
2025-12-29,24.0,19.0,69,13.9,0.0,1,sunny
2025-12-30,32.0,20.0,59,13.8,0.0,1,sunny
2025-12-31,28.0,20.0,61,16.5,0.0,2,mostly sunny
2026-01-01,28.0,21.0,65,17.6,0.0,4,partly cloudy
2026-01-02,25.0,21.0,77,15.6,0.0,5,mostly cloudy
2026-01-03,23.0,20.0,88,22.5,0.0,4,partly cloudy
2026-01-04,23.0,20.0,85,20.3,0.0,4,partly cloudy
2026-01-05,23.0,20.0,85,19.8,0.0,4,partly cloudy
2026-01-06,22.0,19.0,86,15.2,0.0,5,mostly cloudy
2026-01-07,23.0,19.0,80,15.9,0.4,6,light rain
2026-01-08,22.0,18.0,75,19.7,0.0,3,partly cloudy
2026-01-09,21.7,18.0,81,18.7,0.2,4,light rain
2026-01-10,22.0,19.0,70,21.5,0.0,3,partly cloudy
2026-01-11,22.0,18.0,77,17.8,0.0,2,mostly sunny
2026-01-12,23.0,19.0,80,15.6,0.0,4,partly cloudy
2026-01-13,23.0,19.0,84,11.6,0.0,6,mostly cloudy
2026-01-14,23.0,19.0,80,15.7,0.0,3,partly cloudy
2026-01-15,23.0,19.0,82,19.5,0.0,2,mostly sunny
2026-01-16,23.0,18.0,81,17.3,0.0,2,mostly sunny
2026-01-17,23.0,18.0,76,17.3,0.0,5,mostly cloudy
2026-01-18,23.0,19.0,68,21.0,0.0,4,partly cloudy
2026-01-19,22.0,18.0,80,18.5,0.0,4,partly cloudy
2026-01-20,22.0,18.0,68,20.6,0.0,3,partly cloudy
2026-01-21,22.0,18.0,60,20.9,0.0,4,partly cloudy
2026-01-22,22.0,18.0,57,19.9,0.0,6,mostly cloudy
2026-01-23,22.0,18.0,64,20.3,0.0,6,mostly cloudy
2026-01-24,23.0,18.0,72,19.5,0.0,6,mostly cloudy
2026-01-25,24.0,18.8,69,18.5,0.0,5,mostly cloudy
2026-01-26,24.0,18.0,57,19.0,0.0,2,mostly sunny
2026-01-27,26.0,19.0,56,17.3,0.0,3,partly cloudy
2026-01-28,27.0,19.0,54,17.1,0.0,2,mostly sunny
2026-01-29,24.0,19.0,63,17.2,0.0,3,partly cloudy
2026-01-30,25.0,18.0,67,18.9,0.0,1,sunny
2026-01-31,24.0,19.0,75,18.7,0.0,1,sunny
2026-02-01,23.0,19.0,83,17.7,0.0,0,sunny
2026-02-02,23.0,19.0,87,16.4,0.0,1,sunny
2026-02-03,23.0,18.2,84,16.6,0.0,0,sunny
2026-02-04,23.0,18.0,83,12.8,0.0,0,sunny
2026-02-05,22.0,16.0,87,11.1,0.0,1,sunny
2026-02-06,23.0,19.0,83,17.1,0.0,4,partly cloudy
2026-02-07,25.0,18.0,79,16.0,0.0,3,partly cloudy
2026-02-08,25.0,19.0,73,15.8,0.0,2,mostly sunny
2026-02-09,26.0,19.0,68,16.4,0.0,1,sunny
2026-02-10,24.9,19.0,75,13.7,0.0,1,sunny
2026-02-11,25.7,19.0,72,16.4,0.0,2,mostly sunny
2026-02-12,25.3,18.8,80,13.1,0.0,1,sunny
2026-02-13,26.0,20.0,72,7.9,0.0,2,mostly sunny
2026-02-14,26.0,20.0,71,10.4,0.0,4,partly cloudy
2026-02-15,24.0,19.0,70,12.3,0.0,2,mostly sunny
2026-02-16,27.0,19.0,64,16.9,0.0,1,sunny
2026-02-17,28.0,21.0,52,14.5,0.0,0,sunny
2026-02-18,28.0,19.0,61,13.3,0.0,0,sunny
2026-02-19,26.0,19.0,67,11.4,0.0,0,sunny
2026-02-20,28.0,19.4,61,10.7,0.0,0,sunny
2026-02-21,27.0,20.0,63,10.7,0.0,0,sunny
2026-02-22,32.0,22.0,45,14.3,0.0,1,sunny
2026-02-23,34.0,20.0,52,9.5,0.0,3,partly cloudy
2026-02-24,27.0,19.0,60,8.5,0.0,2,mostly sunny
2026-02-25,26.0,19.0,70,9.8,0.0,0,sunny
2026-02-26,24.0,19.0,77,10.2,0.0,1,sunny
2026-02-27,23.0,19.0,72,13.0,0.0,2,mostly sunny
2026-02-28,21.0,18.0,84,10.9,0.0,2,mostly sunny
2026-03-01,22.0,18.0,85,14.6,0.0,2,mostly sunny
2026-03-02,22.0,18.0,87,20.1,0.0,4,partly cloudy
2026-03-03,22.0,18.0,79,20.4,0.0,4,partly cloudy
2026-03-04,22.0,17.0,80,21.3,0.0,2,mostly sunny
2026-03-05,22.0,17.0,80,20.2,0.0,4,partly cloudy
2026-03-06,24.0,17.0,72,16.5,0.0,5,mostly cloudy
2026-03-07,22.0,17.0,77,17.9,0.0,6,mostly cloudy
2026-03-08,22.0,18.0,82,19.8,0.0,4,partly cloudy
2026-03-09,23.0,19.0,74,20.0,0.0,4,partly cloudy
2026-03-10,24.0,19.5,69,21.6,0.0,4,partly cloudy
2026-03-11,25.0,20.0,70,20.8,0.0,4,partly cloudy
2026-03-12,24.0,19.0,75,20.3,0.0,3,partly cloudy
2026-03-13,23.0,20.0,73,20.5,0.0,4,partly cloudy
2026-03-14,22.0,19.0,81,20.2,0.0,4,partly cloudy
2026-03-15,23.0,20.0,84,19.2,0.0,4,partly cloudy
2026-03-16,24.0,20.0,78,17.4,0.0,4,partly cloudy
2026-03-17,24.0,20.0,78,19.3,0.0,4,partly cloudy
2026-03-18,23.0,20.0,80,18.2,0.0,4,partly cloudy
2026-03-19,23.0,19.0,75,15.5,0.0,4,partly cloudy
2026-03-20,24.0,19.0,77,13.8,0.0,4,partly cloudy
2026-03-21,23.0,20.0,84,13.3,0.0,5,mostly cloudy
2026-03-22,24.0,20.0,83,12.2,0.0,5,mostly cloudy
2026-03-23,23.3,20.0,77,12.9,0.0,5,mostly cloudy
2026-03-24,24.0,19.7,77,15.3,0.0,4,partly cloudy
2026-03-25,24.0,20.0,77,16.7,0.0,3,partly cloudy
2026-03-26,24.0,19.0,80,16.6,0.0,3,partly cloudy
2026-03-27,23.0,19.0,81,17.8,0.0,3,partly cloudy
2026-03-28,24.0,19.0,84,14.1,0.0,2,mostly sunny
2026-03-29,25.0,20.0,85,14.9,0.0,1,sunny
2026-03-30,25.0,21.0,84,8.9,0.0,3,partly cloudy
2026-03-31,29.0,20.0,83,9.3,0.0,4,partly cloudy
2026-04-01,32.0,21.0,76,8.9,0.0,3,partly cloudy
2026-04-02,37.0,22.0,66,6.0,0.0,1,sunny
2026-04-03,36.0,23.0,69,6.2,0.0,0,sunny
2026-04-04,29.0,22.7,67,6.7,0.0,1,sunny
2026-04-05,29.0,22.0,63,8.7,0.0,1,sunny
2026-04-06,27.0,21.0,78,10.7,0.0,1,sunny
2026-04-07,26.0,21.0,78,11.2,0.0,1,sunny
2026-04-08,26.0,21.0,85,10.7,0.0,1,sunny
2026-04-09,25.0,20.0,85,11.0,0.0,2,mostly sunny
2026-04-10,24.0,20.0,85,11.5,0.0,4,partly cloudy
2026-04-11,24.0,20.0,76,10.5,0.0,4,partly cloudy
2026-04-12,23.0,19.0,78,10.7,0.0,4,partly cloudy
2026-04-13,24.0,18.0,81,11.4,0.0,4,partly cloudy
2026-04-14,23.0,18.0,79,9.8,0.0,4,partly cloudy
2026-04-15,24.0,19.0,82,8.8,0.0,3,partly cloudy
2026-04-16,24.0,19.0,86,8.6,0.0,4,partly cloudy
2026-04-17,24.0,20.0,87,9.5,0.0,5,mostly cloudy
2026-04-18,24.0,20.0,88,10.8,0.0,5,mostly cloudy
2026-04-19,24.0,19.9,89,10.0,0.0,5,mostly cloudy
2026-04-20,24.0,20.0,86,12.0,0.0,4,partly cloudy
2026-04-21,23.0,19.8,82,13.8,0.0,4,partly cloudy
2026-04-22,23.0,20.0,83,9.2,0.0,4,partly cloudy
2026-04-23,25.0,20.0,80,10.1,0.0,5,mostly cloudy
2026-04-24,24.0,20.0,83,10.4,0.0,2,mostly sunny
2026-04-25,24.0,20.0,84,10.6,0.0,2,mostly sunny
2026-04-26,24.0,20.0,84,9.6,0.0,2,mostly sunny
2026-04-27,24.0,20.0,80,11.8,0.0,2,mostly sunny
2026-04-28,23.0,19.8,79,15.9,0.0,3,partly cloudy
2026-04-29,23.7,20.0,79,14.8,0.0,3,partly cloudy
2026-04-30,24.0,20.0,80,11.3,0.0,2,mostly sunny
2026-05-01,24.7,19.9,81,20.6,0.0,0,sunny
2026-05-02,26.0,21.0,76,12.8,0.0,0,sunny
2026-05-03,26.0,21.3,78,12.0,0.0,0,sunny
2026-05-04,28.0,20.0,81,6.7,0.0,3,partly cloudy
2026-05-05,26.0,22.0,86,5.1,0.0,5,mostly cloudy
2026-05-06,25.0,22.0,84,7.7,0.0,4,partly cloudy
2026-05-07,25.0,21.0,83,8.3,0.0,6,mostly cloudy
2026-05-08,25.0,21.0,82,10.5,0.0,3,partly cloudy
2026-05-09,25.0,21.0,79,10.7,0.0,3,partly cloudy
2026-05-10,25.0,21.0,83,10.8,0.0,4,partly cloudy
2026-05-11,25.0,21.0,83,10.9,0.0,2,mostly sunny
2026-05-12,26.0,21.0,82,9.7,0.0,1,sunny
2026-05-13,25.0,21.0,82,6.8,0.0,2,mostly sunny
2026-05-14,29.0,21.0,81,8.5,0.0,2,mostly sunny
2026-05-15,24.0,21.0,78,9.5,0.0,3,partly cloudy
2026-05-16,24.0,20.0,78,9.8,0.0,2,mostly sunny
2026-05-17,24.0,20.0,84,8.1,0.0,2,mostly sunny
2026-05-18,24.0,20.0,84,8.9,0.0,3,partly cloudy
2026-05-19,25.0,20.0,79,10.1,0.0,2,mostly sunny
2026-05-20,26.0,21.0,77,10.8,0.0,2,mostly sunny
2026-05-21,26.0,22.0,72,10.7,0.0,0,sunny
2026-05-22,25.0,20.0,75,6.9,0.0,1,sunny
2026-05-23,27.0,22.0,80,5.4,0.0,2,mostly sunny
2026-05-24,26.0,22.0,84,6.3,0.0,3,partly cloudy
2026-05-25,28.0,22.0,84,7.0,0.0,3,partly cloudy
2026-05-26,28.0,23.0,83,5.2,0.0,3,partly cloudy
2026-05-27,26.0,23.0,88,7.2,0.0,3,partly cloudy
2026-05-28,28.0,23.0,84,6.9,0.0,4,partly cloudy
2026-05-29,29.0,24.0,84,6.1,0.0,3,partly cloudy
2026-05-30,27.8,23.9,82,10.5,0.0,3,partly cloudy
2026-05-31,27.0,23.8,81,7.4,0.0,5,mostly cloudy
2026-06-01,27.0,24.0,83,6.5,0.0,5,mostly cloudy
2026-06-02,27.0,24.0,82,6.2,0.0,4,partly cloudy
2026-06-03,27.0,24.0,82,5.7,0.0,5,mostly cloudy
2026-06-04,27.0,23.0,80,6.0,0.0,6,mostly cloudy
2026-06-05,27.0,23.0,77,5.5,0.0,6,mostly cloudy
2026-06-06,27.0,23.0,81,7.2,0.0,5,mostly cloudy
2026-06-07,28.0,24.0,81,8.5,0.0,3,partly cloudy
2026-06-08,27.0,23.0,80,8.0,0.0,5,mostly cloudy
2026-06-09,27.0,23.0,79,7.4,0.0,5,mostly cloudy
2026-06-10,27.0,23.0,78,8.4,0.0,5,mostly cloudy
2026-06-11,28.0,24.0,85,6.2,0.0,4,partly cloudy
2026-06-12,32.0,25.0,79,6.8,0.0,6,mostly cloudy
2026-06-13,28.0,24.0,78,8.4,0.0,5,mostly cloudy
2026-06-14,29.0,24.0,81,7.5,0.0,5,mostly cloudy
2026-06-15,30.0,24.0,78,4.9,0.0,4,partly cloudy
2026-06-16,30.0,24.0,80,7.4,0.0,4,partly cloudy
2026-06-17,29.0,24.8,79,8.0,0.0,4,partly cloudy
2026-06-18,28.0,25.0,84,5.4,0.0,4,partly cloudy
2026-06-19,31.0,25.0,83,7.5,0.0,4,partly cloudy
2026-06-20,29.0,24.9,81,8.2,0.0,5,mostly cloudy
2026-06-21,28.0,24.0,81,8.0,0.0,4,partly cloudy
2026-06-22,30.0,25.0,80,7.1,0.0,4,partly cloudy
2026-06-23,31.0,25.7,81,6.7,0.0,4,partly cloudy
2026-06-24,31.0,25.0,80,9.5,0.0,5,mostly cloudy
2026-06-25,29.0,25.2,79,9.5,0.0,4,partly cloudy
2026-06-26,31.0,25.5,80,6.6,0.0,4,partly cloudy
2026-06-27,30.0,25.0,79,6.8,0.0,4,partly cloudy
2026-06-28,29.0,26.0,79,6.9,0.0,5,mostly cloudy
2026-06-29,29.0,25.0,81,7.1,0.0,6,mostly cloudy
2026-06-30,28.0,25.0,74,7.1,0.0,5,mostly cloudy
2026-07-01,30.0,25.4,74,7.5,0.0,5,mostly cloudy
2026-07-02,30.0,25.9,76,5.6,0.0,4,partly cloudy
2026-07-03,31.0,27.0,78,7.2,0.0,4,partly cloudy
2026-07-04,30.0,26.0,78,8.6,0.0,4,partly cloudy
2026-07-05,29.0,25.6,77,10.1,0.0,5,mostly cloudy
2026-07-06,30.0,26.0,73,8.4,0.0,5,mostly cloudy
2026-07-07,31.0,26.0,73,6.3,0.0,4,partly cloudy
2026-07-08,31.0,27.0,77,7.0,0.0,4,partly cloudy
2026-07-09,30.0,26.9,76,8.2,0.0,5,mostly cloudy
2026-07-10,29.2,26.0,72,9.9,0.0,6,mostly cloudy
2026-07-11,31.0,26.6,66,8.7,0.0,4,partly cloudy
2026-07-12,31.0,26.8,73,6.2,0.0,4,partly cloudy
2026-07-13,30.0,27.0,77,7.5,0.0,6,mostly cloudy
2026-07-14,30.0,25.0,80,4.8,0.0,4,partly cloudy
2026-07-15,34.0,26.0,79,6.5,0.0,5,mostly cloudy
2026-07-16,33.0,28.0,77,9.9,0.0,5,mostly cloudy
2026-07-17,32.0,28.0,75,10.1,3.6,4,light rain
2026-07-18,31.0,27.8,78,8.0,4.3,5,light rain
2026-07-19,31.0,27.0,76,7.3,0.0,6,mostly cloudy
2026-07-20,31.0,27.0,75,5.2,0.0,3,partly cloudy
2026-07-21,33.0,27.6,77,7.3,0.0,4,partly cloudy
2026-07-22,32.0,28.0,77,7.3,0.0,5,mostly cloudy
2026-07-23,32.0,23.0,78,7.1,0.0,4,partly cloudy
2026-07-24,32.0,28.0,81,4.3,0.0,4,partly cloudy
2026-07-25,31.0,27.0,79,6.5,2.6,6,light rain
2026-07-26,30.0,25.0,80,5.8,17.5,3,rainy
2026-07-27,31.0,27.0,78,5.7,0.0,4,partly cloudy
2026-07-28,31.0,28.0,79,8.4,0.0,5,mostly cloudy
2026-07-29,31.0,27.0,77,8.7,0.0,4,partly cloudy
2026-07-30,31.0,28.0,72,8.9,0.0,6,mostly cloudy
2026-07-31,32.0,27.2,70,9.9,0.0,4,partly cloudy
2026-08-01,31.0,25.0,79,9.4,3.8,5,light rain
2026-08-02,31.0,27.0,76,7.3,0.0,5,mostly cloudy
2026-08-03,31.0,28.0,77,8.5,0.0,4,partly cloudy
2026-08-04,33.0,28.0,73,7.0,0.0,3,partly cloudy
2026-08-05,32.0,25.0,78,7.1,0.0,4,partly cloudy
2026-08-06,31.0,25.0,83,6.8,21.3,5,rainy
2026-08-07,32.0,24.0,80,9.1,0.0,6,mostly cloudy
2026-08-08,33.0,24.0,81,6.8,0.0,4,partly cloudy
2026-08-09,32.0,24.0,81,5.4,0.0,4,partly cloudy
2026-08-10,32.0,28.0,79,5.3,0.0,4,partly cloudy
2026-08-11,31.0,29.0,79,6.2,0.0,4,partly cloudy
2026-08-12,32.0,28.0,80,5.4,0.0,5,mostly cloudy
2026-08-13,32.0,27.0,79,5.1,0.0,4,partly cloudy
2026-08-14,30.0,25.0,82,5.8,9.7,3,rainy
2026-08-15,32.0,26.0,78,3.8,0.0,4,partly cloudy
2026-08-16,32.0,24.0,79,6.5,8.7,4,rainy
2026-08-17,30.1,25.0,84,7.4,1.3,6,light rain
2026-08-18,31.0,27.2,81,7.8,0.0,5,mostly cloudy
2026-08-19,33.0,28.0,83,4.2,0.0,4,partly cloudy
2026-08-20,29.0,23.0,87,6.0,0.0,4,partly cloudy
2026-08-21,31.0,26.0,84,4.5,0.0,5,mostly cloudy
2026-08-22,32.0,27.0,82,6.0,0.0,3,partly cloudy
2026-08-23,31.0,28.0,80,5.9,0.0,5,mostly cloudy
2026-08-24,30.0,24.0,85,5.9,1.6,4,light rain
2026-08-25,32.0,27.4,81,7.2,6.5,4,rainy
2026-08-26,31.0,24.0,80,6.5,1.2,4,light rain
2026-08-27,31.0,28.0,79,6.2,0.0,4,partly cloudy
2026-08-28,31.2,28.0,81,4.8,0.0,4,partly cloudy
2026-08-29,31.0,24.0,79,5.7,20.7,4,rainy
2026-08-30,31.0,28.0,83,5.7,6.4,4,rainy
2026-08-31,32.0,27.0,84,6.3,0.0,3,partly cloudy
2026-09-01,32.0,29.0,82,5.9,0.0,5,mostly cloudy
2026-09-02,32.0,27.7,79,5.4,0.0,3,partly cloudy
2026-09-03,30.0,27.0,86,8.5,0.0,6,mostly cloudy
2026-09-04,32.0,27.0,78,6.6,0.0,5,mostly cloudy
2026-09-05,33.0,29.0,78,6.2,0.0,2,mostly sunny
2026-09-06,33.0,28.0,78,6.6,0.0,4,partly cloudy
2026-09-07,33.0,28.6,77,6.6,0.0,5,mostly cloudy
2026-09-08,32.0,27.0,83,6.3,8.9,4,rainy
2026-09-09,30.0,24.0,83,5.2,17.1,4,rainy
2026-09-10,32.0,26.0,81,3.9,0.0,5,mostly cloudy
2026-09-11,31.0,28.0,77,6.5,0.0,4,partly cloudy
2026-09-12,31.0,27.0,79,5.5,0.0,5,mostly cloudy
2026-09-13,31.0,27.0,78,6.1,0.0,4,partly cloudy
2026-09-14,30.4,27.1,81,10.6,10.5,5,rainy
2026-09-15,30.7,27.1,85,12.2,13.4,7,rainy
2026-09-16,31.4,27.3,86,9.2,0.0,6,mostly cloudy
2026-09-17,31.7,28.4,82,12.0,0.0,5,mostly cloudy
2026-09-18,30.9,28.0,80,11.1,0.0,5,mostly cloudy
2026-09-19,30.6,27.2,77,11.4,0.0,5,mostly cloudy
2026-09-20,30.3,26.7,78,9.4,3.7,6,light rain
2026-09-21,30.1,26.7,80,9.1,26.3,7,rainy
2026-09-22,31.0,27.1,80,10.2,0.0,5,mostly cloudy
2026-09-23,31.1,27.4,80,10.9,0.0,5,mostly cloudy
